category,reviewed_products,praised_points,flagged_points,flags_per_praise,flags_per_product,praise_per_product
video-doorbells,9,34,42,1.24,4.67,3.78
wireless-earbuds,5,17,21,1.24,4.20,3.40
case-fans,4,10,12,1.20,3.00,2.50
smart-locks,8,31,37,1.19,4.63,3.88
strollers,8,24,28,1.17,3.50,3.00
portable-speakers,6,19,22,1.16,3.67,3.17
soundbars,7,13,15,1.15,2.14,1.86
docking-stations,7,21,24,1.14,3.43,3.00
smart-scales,4,14,16,1.14,4.00,3.50
upright-vacuums,4,14,16,1.14,4.00,3.50
ellipticals,8,29,33,1.14,4.13,3.63
security-cameras,9,32,36,1.13,4.00,3.56
smart-speakers,10,37,41,1.11,4.10,3.70
portable-ssds,13,41,45,1.10,3.46,3.15
vr-headsets,11,41,45,1.10,4.09,3.73
retro-gaming-handhelds,6,21,23,1.10,3.83,3.50
office-chairs,9,33,36,1.09,4.00,3.67
dash-cams,11,35,38,1.09,3.45,3.18
portable-monitors,10,35,38,1.09,3.80,3.50
juicers,4,12,13,1.08,3.25,3.00
tvs,8,25,27,1.08,3.38,3.13
cars,16,56,60,1.07,3.75,3.50
robot-mops,8,29,31,1.07,3.88,3.63
power-supplies,4,15,16,1.07,4.00,3.75
instant-cameras,9,31,33,1.06,3.67,3.44
pellet-grills,4,16,17,1.06,4.25,4.00
e-ink-tablets,9,34,36,1.06,4.00,3.78
webcams,8,18,19,1.06,2.38,2.25
bike-computers,17,60,63,1.05,3.71,3.53
e-readers,12,40,42,1.05,3.50,3.33
fitness-trackers,12,41,43,1.05,3.58,3.42
monitor-arms,8,21,22,1.05,2.75,2.63
stream-decks,7,21,22,1.05,3.14,3.00
action-cameras,17,66,69,1.05,4.06,3.88
ice-cream-makers,8,23,24,1.04,3.00,2.88
open-ear-earbuds,6,25,26,1.04,4.33,4.17
treadmills,6,26,27,1.04,4.50,4.33
handheld-gaming-pcs,7,27,28,1.04,4.00,3.86
mini-pcs,6,27,28,1.04,4.67,4.50
graphics-cards,9,30,31,1.03,3.44,3.33
camera-drones,19,69,71,1.03,3.74,3.63
smartwatches,9,35,36,1.03,4.00,3.89
mattresses,10,38,39,1.03,3.90,3.80
projectors,11,40,41,1.02,3.73,3.64
air-purifiers,22,68,68,1.00,3.09,3.09
bone-conduction-headphones,12,45,45,1.00,3.75,3.75
coffee-grinders,12,37,37,1.00,3.08,3.08
espresso-machines,10,36,36,1.00,3.60,3.60
exercise-bikes,8,29,29,1.00,3.63,3.63
humidifiers,4,8,8,1.00,2.00,2.00
immersion-blenders,5,13,13,1.00,2.60,2.60
kamado-grills,4,12,12,1.00,3.00,3.00
massage-guns,8,26,26,1.00,3.25,3.25
mirrorless-cameras,8,30,30,1.00,3.75,3.75
multicookers,5,22,22,1.00,4.40,4.40
nas-devices,11,35,35,1.00,3.18,3.18
obd2-scanners,4,12,12,1.00,3.00,3.00
power-racks,7,26,26,1.00,3.71,3.71
robot-vacuums,10,35,35,1.00,3.50,3.50
smart-bulbs,4,15,15,1.00,3.75,3.75
smart-light-switches,6,19,19,1.00,3.17,3.17
smartphones,8,29,29,1.00,3.63,3.63
streaming-devices,8,32,32,1.00,4.00,4.00
air-fryers,19,64,63,0.98,3.32,3.37
blenders,15,51,50,0.98,3.33,3.40
over-ear-headphones,12,49,48,0.98,4.00,4.08
microphones,10,38,37,0.97,3.70,3.80
internal-ssds,10,35,34,0.97,3.40,3.50
hair-dryers,9,34,33,0.97,3.67,3.78
rowing-machines,7,30,29,0.97,4.14,4.29
smart-thermostats,8,30,29,0.97,3.63,3.75
home-printers,8,29,28,0.97,3.50,3.63
wifi-routers,8,26,25,0.96,3.13,3.25
electric-cars,8,25,24,0.96,3.00,3.13
smart-rings,6,23,22,0.96,3.67,3.83
cordless-vacuums,10,44,42,0.95,4.20,4.40
mechanical-keyboards,10,41,39,0.95,3.90,4.10
smart-plugs,6,20,19,0.95,3.17,3.33
drawing-tablets,5,19,18,0.95,3.60,3.80
carpet-cleaners,6,18,17,0.94,2.83,3.00
charcoal-grills,11,35,33,0.94,3.00,3.18
midi-keyboards,8,33,31,0.94,3.88,4.13
game-consoles,12,49,46,0.94,3.83,4.08
memory-cards,6,16,15,0.94,2.50,2.67
mesh-wifi-systems,9,32,30,0.94,3.33,3.56
pc-cases,9,32,30,0.94,3.33,3.56
gaming-mice,9,31,29,0.94,3.22,3.44
wireless-mic-systems,8,31,29,0.94,3.63,3.88
food-processors,4,15,14,0.93,3.50,3.75
laptops,12,56,52,0.93,4.33,4.67
cold-plunge-tubs,4,13,12,0.92,3.00,3.25
3d-printers,19,76,70,0.92,3.68,4.00
tablets,9,35,32,0.91,3.56,3.89
miter-saws,6,23,21,0.91,3.50,3.83
air-quality-monitors,11,34,31,0.91,2.82,3.09
computer-monitors,15,56,51,0.91,3.40,3.73
gas-grills,4,11,10,0.91,2.50,2.75
breast-pumps,10,30,27,0.90,2.70,3.00
portable-air-conditioners,4,10,9,0.90,2.25,2.50
portable-induction-cooktops,5,20,18,0.90,3.60,4.00
gaming-headsets,10,38,34,0.89,3.40,3.80
toaster-ovens,4,17,15,0.88,3.75,4.25
coffee-makers,12,42,37,0.88,3.08,3.50
bassinets,7,24,21,0.88,3.00,3.43
milk-frothers,7,23,20,0.87,2.86,3.29
electric-toothbrushes,8,28,24,0.86,3.00,3.50
motherboards,4,14,12,0.86,3.00,3.50
outdoor-pizza-ovens,4,20,17,0.85,4.25,5.00
baby-monitors,9,33,28,0.85,3.11,3.67
cpus,12,39,33,0.85,2.75,3.25
dac-amps,6,19,16,0.84,2.67,3.17
kitchen-scales,6,19,16,0.84,2.67,3.17
external-hard-drives,4,12,10,0.83,2.50,3.00
turntables,5,17,14,0.82,2.80,3.40
led-face-masks,4,11,9,0.82,2.25,2.75
graphics-tablets,5,16,13,0.81,2.60,3.20
power-banks,9,32,26,0.81,2.89,3.56
bookshelf-speakers,7,21,17,0.81,2.43,3.00
dj-controllers,7,21,17,0.81,2.43,3.00
hair-straighteners,4,15,12,0.80,3.00,3.75
meat-thermometers,4,15,12,0.80,3.00,3.75
gaming-chairs,10,39,31,0.79,3.10,3.90
capture-cards,11,33,26,0.79,2.36,3.00
beard-trimmers,5,14,11,0.79,2.20,2.80
otc-hearing-aids,4,14,11,0.79,2.75,3.50
portable-generators,4,14,11,0.79,2.75,3.50
av-receivers,7,23,18,0.78,2.57,3.29
standing-desks,8,32,25,0.78,3.13,4.00
microwaves,5,18,14,0.78,2.80,3.60
blood-pressure-monitors,10,26,20,0.77,2.00,2.60
shop-vacuums,5,13,10,0.77,2.00,2.60
slow-cookers,4,13,10,0.77,2.50,3.25
space-heaters,6,17,13,0.76,2.17,2.83
angle-grinders,9,21,16,0.76,1.78,2.33
camping-tents,8,25,19,0.76,2.38,3.13
audio-interfaces,11,39,29,0.74,2.64,3.55
electric-scooters,4,15,11,0.73,2.75,3.75
jigsaws,6,22,16,0.73,2.67,3.67
cable-modems,9,29,21,0.72,2.33,3.22
computer-ram,7,21,15,0.71,2.14,3.00
cpu-coolers,5,21,15,0.71,3.00,4.20
ipl-hair-removal,4,14,10,0.71,2.50,3.50
rice-cookers,5,17,12,0.71,2.40,3.40
binoculars,6,20,14,0.70,2.33,3.33
car-seats,11,35,24,0.69,2.18,3.18
gimbals,7,22,15,0.68,2.14,3.14
circular-saws,16,55,37,0.67,2.31,3.44
leaf-blowers,4,15,10,0.67,2.50,3.75
portable-power-stations,9,33,22,0.67,2.44,3.67
ice-makers,6,24,15,0.63,2.50,4.00
sous-vide-machines,4,13,8,0.62,2.00,3.25
wireless-chargers,4,13,8,0.62,2.00,3.25
hedge-trimmers,4,12,7,0.58,1.75,3.00
impact-drivers,7,26,15,0.58,2.14,3.71
air-compressors,8,22,12,0.55,1.50,2.75
random-orbital-sanders,5,15,8,0.53,1.60,3.00
wood-routers,5,19,10,0.53,2.00,3.80
lawn-mowers,6,23,12,0.52,2.00,3.83
electric-kettles,6,20,10,0.50,1.67,3.33
electric-griddles,5,17,8,0.47,1.60,3.40
chainsaws,10,31,14,0.45,1.40,3.10
cordless-drills,5,15,5,0.33,1.00,3.00
rotary-tools,6,19,6,0.32,1.00,3.17
