category,best_specced_product,its_price_usd,median_price_usd,max_price_usd,premium_gap_pct,spec_score,priced_products
golf-launch-monitors,"Garmin Approach R10",500,999,25995,5099,95,10
thermal-cameras,"TOPDON TC004",299,699,12600,4114,63,13
trolling-motors,"Watersnake T18 ASP",131,3300,5250,3923,95,9
ellipticals,"Sunny Health & Fitness SF-E905",179,1500,4199,2246,95,12
hair-straighteners,"Remington Shine Therapy 2"" Flat Iron (S9531)",38,174,540,1321,95,20
turntables,"Audio-Technica AT-LP60X",179,572,2500,1297,95,16
soldering-stations,"Pine64 Pinecil V2",26,158,352,1254,55,7
pilates-reformers,"AeroPilates Reformer 287",600,3649,7450,1142,77,11
home-safes,"SentrySafe HD4100",80,299,927,1059,95,7
smart-fitness-mirrors,"FITURE Mini",950,2495,10995,1057,95,9
jigsaws,"Black+Decker BDEJS600C 5-Amp Jig Saw",40,197,445,1013,50,10
audio-interfaces,"Komplete Audio 2",99,200,999,909,95,17
vibration-plates,"CV61 Curved 4D Vibration Plate",300,275,2976,892,72,10
two-way-radios,"TIDRADIO TD-H3",25,155,240,860,95,5
toasters,"Black+Decker 4-Slice Toaster TR1478BD",42,130,400,852,95,18
smart-scales,"Renpho Elis 1",25,50,230,820,95,9
miter-saws,"Metabo HPT C10FCGS 10-Inch Single-Bevel Compound Miter Saw",199,564,1799,804,95,12
metal-detectors,"Garrett ACE Apex",580,949,4999,762,77,10
car-speakers,"Kicker CS Series CSC65",80,330,680,750,84,9
telescopes,"Gskyer 80mm AZ Refractor",200,440,1699,750,95,10
kamado-grills,"Char-Griller Akorn Kamado",400,1540,3300,725,95,9
hedge-trimmers,"Sun Joe HJ22HTE 22"" Corded Electric Hedge Trimmer",49,199,400,716,95,12
guitar-amplifiers,"Line 6 Catalyst 200",500,625,3849,670,65,10
rollators,"Carex Crosstour Rolling Walker",200,215,1399,600,86,10
rifle-scopes,"Primary Arms GLx 4-16x50 FFP",700,2550,4800,586,95,8
kitchen-scales,"Taylor Multi-Purpose Digital Kitchen Scale (3831S)",30,39,200,567,95,16
ebike-conversion-kits,"Tongsheng TSDZ2B 48V 500W Mid-Drive Kit",331,494,2195,563,90,9
wireless-access-points,"TP-Link Omada EAP773",200,420,1303,552,95,8
automatic-pet-feeders,"Cat Mate C500 Digital 5-Meal Feeder",46,85,299,550,95,12
carpet-cleaners,"StainStriker Portable Carpet & Furniture Cleaner (PX201)",100,225,650,550,94,16
rice-cookers,"5.0-Qt Rice Cooker with 18 Functions CRC-R501-KUS",100,226,635,535,95,14
gaming-headsets,"SteelSeries Arctis Nova 1",60,200,380,533,95,13
power-racks,"Force USA MyRack Modular Power Rack",500,885,3149,530,95,12
integrated-amplifiers,"Rotel A11 Tribute",799,1100,5000,526,95,7
rowing-machines,"Sunny Health & Fitness SF-RW5515",400,1435,2499,525,95,10
digital-pianos,"Korg B2",500,1099,2999,500,95,8
coffee-makers,"PerfecTemp 14-Cup Programmable Coffeemaker",120,262,699,483,73,16
field-recorders,"Tascam DR-40X",200,369,1150,475,63,9
rooftop-cargo-boxes,"JEGS Rooftop Cargo Carrier",200,850,1150,475,95,7
walking-pads,"GOYOUTH 2-in-1 Under Desk Treadmill",285,293,1599,461,83,12
microphones,"Audio-Technica ATR2100x-USB",79,153,439,456,95,20
string-trimmers,"Worx WG163 GT 3.0 20V 12"" String Trimmer & Wheeled Edger",120,270,664,453,95,11
office-chairs,"ErgoChair Pro",399,1098,2090,424,80,20
cordless-vacuums,"Roborock H60 Ultra",230,635,1199,421,84,14
sewing-machines,"Singer Heavy Duty 4423",230,380,1199,421,60,10
gimbals,"Zhiyun Smooth 5S",169,234,869,414,86,12
satellite-messengers,"Motorola Defy Satellite Link",99,200,500,405,95,8
bassinets,"Nuna SENA Aire",400,280,1999,400,95,19
electric-bikes,"Lectric XP4 750W",1299,1949,6500,400,76,18
electric-toothbrushes,"BURST Pro 2.0 Sonic Toothbrush",80,95,400,400,95,20
vr-headsets,"HTC Vive Pro 2",800,999,4000,400,75,15
baby-monitors,"HelloBaby HB6550 5"" Video Baby Monitor (No WiFi)",100,240,499,399,95,18
spotting-scopes,"Maven S.2 12-27x56",1050,1850,5098,386,95,10
smart-bulbs,"Wyze Bulb Color",12,18,60,380,95,15
wine-coolers,"NewAir AB-1200 126-Can Freestanding Beverage Fridge",340,709,1599,370,95,18
bookshelf-speakers,"Q Acoustics 3020i",350,580,1600,357,95,9
water-flossers,"h2ofloss HF-9",44,90,200,356,68,11
smart-bike-trainers,"Cycplus R200",399,900,1800,351,95,11
water-softeners,"Fleck 5600SXT 48,000 Grain Metered Water Softener",799,630,3441,331,95,18
dog-gps-trackers,"PetFon 2",235,99,999,325,52,7
meat-grinders,"STX International Turboforce 3000 Series Electric Meat Grinder",180,360,760,323,95,12
smart-plugs,"SwitchBot Plug Mini",12,31,50,317,95,12
electric-smokers,"Dyna-Glo DGU505BAE-D 30"" Analog Electric Smoker",170,272,700,312,95,18
wireless-chargers,"Apple MagSafe Charger (1 m) — Qi2 25W (2025)",39,114,159,308,95,18
binoculars,"Nikon ProStaff P7 8x42",180,340,730,306,95,15
induction-ranges,"Samsung Bespoke AI 6.3 cu. ft. Slide-In Induction Range",3399,3399,13690,303,85,9
smartwatches,"COROS Pace 3",199,350,799,302,92,17
adjustable-dumbbells,"ProForm Rapid Strike 50 Lb. Adjustable Dumbbell Set",299,585,1196,300,95,16
instant-cameras,"Canon IVY CLIQ+2",150,150,600,300,95,12
beard-trimmers,"Philips Norelco Multigroom 7000 MG7750/49",60,80,230,283,95,13
reciprocating-saws,"ONE+ 18V Cordless Reciprocating Saw P519",79,159,299,278,95,11
exercise-bikes,"ProForm Studio Bike Pro 22",1299,1695,4850,273,95,19
food-dehydrators,"NESCO FD-1040 Gardenmaster Digital Pro Food Dehydrator",150,155,550,267,95,12
bidet-toilet-seats,"Bio Bidet BB-2000 Bliss",549,549,2005,265,95,17
dive-computers,"Oceanic Geo 4.0",440,519,1600,264,95,10
adjustable-beds,"DreamCloud Adjustable Base",749,1424,2699,260,95,8
portable-solar-panels,"BougeRV 200W Portable Solar Panel",280,399,1000,257,55,7
internal-ssds,"WD_Black SN8100",180,240,640,256,80,9
trail-cameras,"Spypoint Flex-S",170,155,600,253,60,18
sous-vide-machines,"VacMaster SV1",200,150,700,250,76,17
synthesizers,"Elektron Digitone II",999,2500,3500,250,95,10
wood-routers,"Milwaukee M18 FUEL 2723-20",229,249,799,249,95,9
grow-lights,"Spider Farmer SE5000",410,803,1399,241,95,10
dj-controllers,"Pioneer DDJ-FLX6-GT",649,674,2199,239,95,18
laser-engravers,"Creality Falcon2 Pro 60W",1804,1444,5999,233,89,12
wifi-routers,"TP-Link Archer BE800",450,290,1500,233,95,12
patio-heaters,"Fire Sense 60523 Pyramid Flame 40,000 BTU Propane Patio Heater",630,279,2087,231,69,9
computer-monitors,"ASUS ROG Swift OLED PG27AQDP",1000,900,3299,230,95,18
garbage-disposals,"Waste King L-8000",171,125,558,226,81,15
rooftop-tents,"Smittybilt GEN2 Overlander",1500,2599,4895,226,73,6
smart-glasses,"Solos AirGo 3",249,399,799,221,95,11
ice-cream-makers,"Ninja CREAMi Deluxe 11-in-1 Ice Cream Maker NC501",250,240,800,220,56,12
radar-detectors,"Cobra RAD 700i",250,499,800,220,95,11
cold-plunge-tubs,"Cold Plunge Pro XL",5990,5990,18990,217,77,15
coffee-grinders,"Smart Grinder Pro",200,254,629,215,79,20
paint-sprayers,"Graco TrueCoat 360 (26D281)",259,389,814,214,67,8
electric-shavers,"Skull Shaver Pitbull Gold PRO",140,190,425,204,95,15
car-stereos,"Kenwood eXcelon DMX809S",500,1000,1500,200,95,9
flat-top-griddles,"Nexgrill Daytona 4-Burner 36"" Propane Gas Griddle (720-1058A)",400,549,1200,200,95,19
drill-presses,"Delta 18-900L 18-Inch Laser Floor Drill Press",829,310,2449,195,80,11
wireless-mic-systems,"DJI Mic Mini",169,249,499,195,94,6
portable-monitors,"UPERFECT 14"" 3K OLED (M140B03W)",240,315,699,191,55,20
bike-computers,"Coros Dura",249,365,700,181,78,18
portable-speakers,"Marshall Emberton III",180,180,499,177,95,15
hitch-bike-racks,"Saris SuperClamp EX 2-Bike",580,925,1589,174,75,8
dac-amps,"SMSL DO100",239,239,650,172,95,10
oscillating-multi-tools,"Ryobi ONE+ HP 18V Brushless Oscillating Multi-Tool PBLMT51B",129,214,349,171,95,8
red-dot-sights,"Holosun 507C X2",365,460,986,170,79,10
slow-cookers,"Ninja Foodi PossibleCooker PRO 8.5-Quart (MC1001)",130,80,350,169,95,9
upright-vacuums,"Shark PowerDetect AZ4002",449,409,1200,167,57,8
nas-devices,"Ubiquiti UniFi UNAS Pro",499,640,1320,165,70,11
electric-griddles,"Secura Smokeless Indoor Grill / Electric Griddle",70,76,185,164,95,9
standby-generators,"Briggs & Stratton PowerProtect DX 26kW",6833,6985,17900,162,78,10
sous-vide,"Anova Precision Cooker Pro",459,137,1199,161,51,12
camera-lenses,"OM System M.Zuiko 12-40mm F2.8 PRO II",1000,1099,2599,160,95,10
thickness-planers,"Triton TPT125",430,430,1099,156,65,7
outdoor-pizza-ovens,"Solo Stove Pi Prime",400,500,1000,150,95,10
tower-fans,"Lasko WhisperForce DC Tower Fan TDC401",100,100,250,150,95,15
shop-vacuums,"CRAFTSMAN CMXEVBE17595 16-Gallon 6.5 Peak HP Wet/Dry Vac",116,124,290,149,95,12
steam-mops,"Dupray Neat Steam Cleaner",180,138,449,149,95,11
electronic-drum-kits,"Roland TD-17KVX2",2090,2644,5170,147,95,8
hair-dryers,"T3 AireLuxe Professional Hair Dryer",225,205,550,144,86,20
kvm-switches,"AV Access iDock C20 USB-C KVM Switch Docking Station",208,399,508,144,50,5
mini-pcs,"Asus NUC 14 Pro",434,629,1049,142,95,9
portable-generators,"Westinghouse iGen4500",999,899,2399,140,54,11
breast-pumps,"BabyBuddha 2.0",230,228,550,139,92,18
camera-flashes,"Nissin i60A",230,329,550,139,95,7
sim-racing-wheels,"Thrustmaster T818",650,799,1549,138,95,9
strollers,"Doona Car Seat & Stroller",650,690,1499,131,88,12
electric-skateboards,"Acedeck Nomad N1",999,899,2299,130,74,8
cable-modems,"Motorola B12",131,190,300,129,95,6
wireless-earbuds,"Cambridge Audio Melomania M100",219,250,499,128,78,16
audio-mixers,"Soundcraft Signature 22 MTK",799,599,1800,125,70,9
car-amplifiers,"Pioneer GM-D9705",350,425,779,123,95,8
power-banks,"UGREEN Nexode Power Bank 25,000mAh 200W (TFT)",130,96,289,122,76,20
robot-vacuums,"Ecovacs DEEBOT T90 Pro Omni",899,1399,1999,122,88,18
smart-displays,"Amazon Echo Show 8 (4th Gen, 2025)",180,200,400,122,95,10
deep-fryers,"Presto Dual Basket ProFry Immersion Element Deep Fryer",100,76,220,120,95,15
hard-coolers,"Igloo MaxCold 165-Quart Cooler",182,269,395,117,63,12
mirrorless-cameras,"OM System OM-3",1999,2099,4299,115,61,18
tv-mounts,"Kanto PDX680",200,147,430,115,93,8
camping-tents,"Kelty Wireless 6 Tent",280,400,600,114,70,17
massage-guns,"Ekrin B37",250,214,529,112,57,10
functional-trainers,"Vitruvian Trainer+",2890,3149,5999,108,95,14
bike-lights,"Lezyne Macro Drive 1400+",100,85,200,100,63,10
gaming-mice,"Endgame Gear OP1 8k v2",90,160,180,100,95,19
toaster-ovens,"Digital Countertop Oven with Air Fry (KCO124BM)",300,220,600,100,95,11
water-filter-pitchers,"Brita UltraMax Water Dispenser 27-Cup with Elite Filter",50,43,100,100,68,10
multicookers,"Ninja Foodi 14-in-1 Pressure Cooker Steam Fryer with SmartLid, 6.5 Quart (OL501)",170,131,330,94,86,10
subwoofers,"SVS SB-3000",1100,1000,2127,93,77,9
treadmills,"NordicTrack Commercial X22i",3499,1999,6695,91,78,19
washing-machines,"LG WT7405CW 5.3 cu. ft. Mega Capacity Smart Top Load Washer with 4-Way Agitator and TurboWash3D",1049,1274,1999,91,95,20
case-fans,"Fractal Design Aspect 12 RGB",29,32,55,90,63,6
sleeping-bags,"REI Co-op Magma 30 Sleeping Bag",349,250,659,89,95,17
e-readers,"Boox Palma 2",250,235,470,88,95,16
cpu-coolers,"Noctua NH-D15 G2",150,125,280,87,91,14
crossbows,"Ravin R10X",1900,1300,3550,87,69,8
headlamps,"Petzl Swift RL",135,88,250,85,64,9
refrigerators,"36-Inch French Door Refrigerator with Ice Maker 31 cu. ft.",2699,3549,4999,85,95,18
car-subwoofers,"Audiomobile Encore 4412",799,450,1450,81,85,7
baby-bottle-warmers,"8-in-1 Fast Baby Bottle Warmer",50,42,90,80,73,14
carry-on-luggage,"Samsonite Proxis Carry-On Spinner",500,345,900,80,95,10
ipl-hair-removal,"Kenzzi IPL Pro+",249,339,449,80,95,10
robot-mops,"Roborock Qrevo Curv 2 Flow",1000,1000,1800,80,95,11
home-energy-monitors,"Generac PWRview Home Energy Monitor W2HEM",220,169,389,77,95,8
studio-monitors,"KRK Rokit 7 G4",225,200,399,77,95,12
webcams,"Logitech BRIO 4K",170,130,300,76,95,20
range-hoods,"ZLINE KB-30",430,465,741,72,50,6
flashlights,"Olight Baton 4 Pro",70,70,120,71,57,9
impact-drivers,"M12 FUEL 1/4 in. Hex Impact Driver (Tool Only)",129,149,220,71,95,10
tire-inflators,"Craftsman V20 CMCE520B Cordless Inflator",99,84,169,71,95,10
weight-benches,"Finer Form Multi-Functional FID Weight Bench",350,399,600,71,88,12
kettlebells,"Ironmaster Quick-Lock Adjustable Kettlebell",89,89,150,69,95,9
home-weather-stations,"Davis Instruments Vantage Vue 6250",550,275,925,68,95,8
open-ear-earbuds,"Shokz OpenFit 2",180,180,299,66,74,9
soft-coolers,"Hydro Flask 20 L Day Escape Soft Cooler",200,173,325,63,73,12
action-cameras,"Insta360 GO 3S",354,362,574,62,95,12
gas-grills,"Napoleon Prestige 500 RSIB",1879,884,2959,57,95,22
air-fryers,"Breville Smart Oven Air Fryer Pro (BOV900BSS)",320,160,499,56,95,17
golf-rangefinders,"Bushnell Tour V6 Shift",400,360,625,56,95,12
wall-ovens,"Frigidaire 30"" Single Electric Wall Oven (FCWS3027AS)",2249,3146,3499,56,95,6
streaming-devices,"Apple TV 4K (3rd Gen)",129,50,200,55,95,13
welders,"ESAB Rebel EMP 215ic",2756,950,4285,55,78,9
gaming-controllers,"Xbox Elite Wireless Controller Series 2 Core",130,180,200,54,95,9
portable-power-stations,"EcoFlow DELTA Pro 3",2599,799,4000,54,67,19
meat-thermometers,"MEATER 2 Plus",130,105,199,53,63,10
humidifiers,"Superior 6000S Smart Evaporative Humidifier",250,90,380,52,79,15
milk-frothers,"Breville Milk Café BMF600XL",200,47,300,50,95,16
mini-fridges,"Galanz GLR46TBKER Retro 4.6 Cu Ft Mini Fridge with Dual Door",200,170,299,50,95,10
power-supplies,"Super Flower Leadex VII XG 1000W",160,165,240,50,95,12
projectors,"XGIMI Titan",3999,2499,5999,50,95,25
otc-hearing-aids,"Jabra Enhance Select 700",1995,949,2950,48,64,8
laser-levels,"Topcon RL-H5A Self-Leveling Horizontal Rotary Laser",820,237,1197,46,95,11
air-conditioners,"Midea U+ Smart Inverter U-Shaped Window AC (MAW12U1QWT)",479,510,695,45,95,13
leaf-blowers,"DeWalt FLEXVOLT 60V MAX Brushless Cordless Handheld Blower (DCBL770)",229,250,330,44,85,9
backpacking-packs,"Durston Kakwa 55",279,300,399,43,95,10
pa-speakers,"Bose S1 Pro+",699,549,1000,43,81,11
blenders,"Breville the Super Q (BBL920)",500,315,700,40,87,20
infrared-sauna-blankets,"Sun Home Infrared Sauna Blanket V5",499,509,700,40,95,10
tvs,"Samsung QN90F 65""",2499,2499,3498,40,95,13
dehumidifiers,"Midea Cube 50-Pint Smart Dehumidifier MAD50S1QWT",270,270,366,36,77,11
ev-home-chargers,"Home Flex (NACS)",549,569,749,36,86,11
kayaks,"Delta 14",1995,999,2700,35,53,9
smart-rings,"RingConn Gen 2",299,325,400,34,95,10
high-chairs,"Tripp Trapp",249,217,330,33,95,10
air-purifiers,"Coway Airmega 400S",749,300,980,31,81,21
home-freeze-dryers,"Blue Alpine Large Select",4095,3695,5355,31,70,11
external-hard-drives,"WD Easystore 14TB (WDBAMA0140HBK-NESN)",200,165,255,28,95,12
sump-pumps,"Wayne CDU980E",230,263,295,28,95,6
docking-stations,"Dell WD22TB4",300,300,380,27,95,10
handheld-gaming-pcs,"MSI Claw 8 AI+",899,730,1139,27,70,9
uninterruptible-power-supplies,"CyberPower CP1500PFCLCD",275,275,340,24,76,5
dishwashers,"Bosch Benchmark Series Dishwasher (SHP9PCM5N)",1999,1324,2449,23,95,14
motorcycles,"BMW R 1300 GS",20395,12945,24999,23,68,10
angle-grinders,"Milwaukee M18 FUEL 2880-20 4-1/2 in./5 in. Grinder Paddle Switch No-Lock (Tool Only)",229,149,279,22,95,18
chainsaws,"MSA 220 C-B",450,380,550,22,95,14
fitness-trackers,"Withings ScanWatch 2",370,240,450,22,95,16
inflatable-paddle-boards,"Badfish Monarch",799,774,960,20,65,8
soundbars,"JBL Bar 1300X",1700,999,2000,18,95,17
e-ink-tablets,"Bigme inkNote Color+",539,479,630,17,95,10
immersion-blenders,"Braun MultiQuick 9 Hand Blender (MQ9137XI)",170,130,199,17,95,12
3d-printers,"Bambu Lab H2D",1899,420,2190,15,95,18
electric-fireplaces,"Dimplex Ignite XL 50""",3050,999,3495,15,95,7
chest-freezers,"Frigidaire FFFU20F4VW",968,659,1099,14,63,5
nail-guns,"Bostitch BCN662D1 20V MAX 16GA Straight Finish Nailer",399,365,449,13,91,6
car-jump-starters,"MegaVolt24 4000A Jump Starter",178,130,200,12,93,11
juicers,"J2 Cold Press Juicer",599,355,669,12,65,12
ceiling-fans,"Minka-Aire Xtreme H2O 65""",599,534,666,11,95,7
sleeping-pads,"Therm-a-Rest NeoAir XLite NXT",210,184,230,10,95,10
bike-helmets,"Trek Velocis MIPS",330,275,360,9,95,10
electric-scooters,"EMOVE Cruiser V2",1195,799,1299,9,73,17
space-heaters,"Dr Infrared Heater DR-988",130,80,140,8,95,13
cars,"Chevrolet Silverado 1500 (2026)",36900,29720,39330,7,93,16
portable-fridge-freezers,"EcoFlow GLACIER",999,799,1062,6,54,7
red-light-therapy-panels,"Joovv Solo 3.0",1699,1299,1795,6,95,7
travel-backpacks,"Aeronaut 45",355,249,375,6,68,9
microwaves,"Panasonic NN-SD975S Cyclonic Wave Inverter Microwave",475,189,500,5,95,20
lawn-mowers,"EGO POWER+ LM2156SP Select Cut XP 21""",749,599,769,3,95,11
pressure-washers,"Greenworks Pro GPW3000",375,320,385,3,62,9
car-batteries,"XS Power D3400",420,277,430,2,71,6
car-seats,"Nuna PIPA rx Infant Car Seat",550,350,560,2,95,17
air-compressors,"Industrial Air ILA1883054 30-Gallon Belt-Drive Vertical Compressor",769,289,769,0,76,15
band-saws,"Powermatic PM1500 15-Inch Bandsaw",4179,1230,4179,0,95,9
barbells,"Kabuki Strength New Generation Power Bar",599,305,599,0,73,9
bathroom-exhaust-fans,"Panasonic WhisperCeiling DC FV-0511VQ1",168,119,168,0,63,7
bone-conduction-headphones,"Shokz OpenRun Pro 2",180,150,180,0,80,14
camera-drones,"DJI Mavic 4 Pro",2199,719,2199,0,71,18
cob-video-lights,"Aputure LS 600d Pro",1890,329,1890,0,95,7
compound-bows,"PSE Sicario",1999,1569,1999,0,84,7
cordless-floor-washers,"Tineco Floor One S9 Artist Steam",949,464,949,0,95,6
cpus,"AMD Ryzen 9 9950X3D",699,409,699,0,79,17
document-scanners,"Raven Pro Document Scanner",650,455,650,0,95,10
electric-cars,"Lucid Air Grand Touring (2025)",114900,51000,114900,0,65,15
electric-kettles,"Wolf Gourmet True Temperature Electric Kettle WGKT100S",379,130,379,0,91,17
fire-pits,"Blue Sky Outdoor Living Mammoth Smokeless Patio Fire Pit",940,599,940,0,95,6
food-processors,"Magimix CS 5200 XL Food Processor",549,292,549,0,87,12
game-consoles,"Lenovo Legion Go 2",1349,599,1349,0,95,17
graphics-cards,"NVIDIA GeForce RTX 5090",1999,464,1999,0,71,12
home-saunas,"Peak Saunas Matterhorn 3-Person Full-Spectrum Infrared Sauna",10250,6699,10250,0,76,8
ice-makers,"GoveeLife Smart Nugget Ice Maker Pro",500,235,500,0,79,14
led-strip-lights,"Philips Hue Gradient Lightstrip",198,50,198,0,58,8
memory-cards,"Sony TOUGH SF-G Series UHS-II SD 128GB",343,100,343,0,63,11
mobility-scooters,"Afikim Afiscooter S4",6479,2749,6479,0,78,8
network-switches,"TP-Link JetStream TL-SG3210XHP-M2",420,265,420,0,72,6
portable-induction-cooktops,"Control Freak Home",1500,111,1500,0,71,8
portable-ssds,"SanDisk Extreme PRO Portable SSD (USB4)",528,125,528,0,95,18
random-orbital-sanders,"Festool ETS EC 150/5 EQ",649,112,649,0,95,8
reverse-osmosis-systems,"Cloud RO",649,445,649,0,70,8
smart-bird-feeders,"Birdfy Feeder 2 Duo",330,154,330,0,92,8
trampolines,"Springfree Jumbo Square (S155)",2499,1299,2499,0,92,7
tripods,"Gitzo Mountaineer Series 2 4-Section Carbon Fiber Tripod",1334,200,1334,0,71,11
waffle-makers,"Gourmet Stainless Steel Waffle Maker with Removable Plates, 4 Slice",320,56,320,0,95,16
